Tipo;Pais;CodPais;Concepto;CodConcepto;2000;2001;2002;2003;2004;2005;2006;2007;2008;2009;2010;2011;2012;2013;2014;2015;2016;2017;Diferencia1AnnoAdelante;Diferencia2AnnosAdelante;Diferencia1AnnoAtras;AnnoAtras;Anno1;Anno2
Control;Argentina;ARG;HDI;HDI;;;;;;0,787;0,792;0,795;0,799;0,813;0,819;0,818;0,82;0,82;0,822;0,822;0,825;;0,998778999;1,001221001;0,992673993;0,732600733;0,122100122;-0,122100122
Control;Corea, Republica de;KOR;HDI;HDI;;;;;;0,862;0,869;0,874;0,869;0,884;0,888;0,89;0,893;0,896;0,898;0,9;0,903;;1,002252252;1,005630631;0,995495495;0,45045045;-0,225225225;-0,563063063
Control;India;IND;HDI;HDI;;;;;;0,545;0,556;0,564;0,57;0,581;0,591;0,6;0,607;0,618;0,627;0,636;0,64;;1,015228426;1,027072758;0,983079526;1,692047377;-1,52284264;-2,707275804
Control;Mexico;MEX;HDI;HDI;;;;;;0,736;0,739;0,742;0,743;0,743;0,751;0,757;0,756;0,761;0,767;0,772;0,774;;1,007989348;1,00665779;0,989347537;1,065246338;-0,798934754;-0,665778961
Organizador;Sudafrica;ZAF;HDI;HDI;;;;;;0,616;0,621;0,633;0,642;0,649;0,657;0,664;0,675;0,685;0,692;0,696;0,699;;1,01065449;1,02739726;0,98782344;1,217656012;-1,065449011;-2,739726027
Organizador;Brasil;BRA;HDI;HDI;;;;;;0,702;0,705;0,716;0,718;0,727;0,731;0,736;0,748;0,752;0,757;0,758;0,759;;1,001321004;1,002642008;0,99339498;0,660501982;-0,132100396;-0,264200793
Organizador;China;CHN;HDI;HDI;;;;;;0,661;0,675;0,685;0,694;0,706;0,714;0,722;0,729;0,738;0,743;0,748;0,752;;1,017291066;1,028818444;0,9870317;1,296829971;-1,729106628;-2,88184438
Organizador;Federacion de Rusia;RUS;HDI;HDI;;;;;;0,759;0,767;0,774;0,771;0,78;0,789;0,798;0,804;0,807;0,813;0,815;0,816;;1,002460025;1,003690037;0,992619926;0,73800738;-0,24600246;-0,36900369
Control;Argentina;ARG;GPeaceIndex;GPeaceIndex;;;;;;;;;1.770;1.846;1.962;1.852;1.763;1.907;1.789;1.865;1.957;1.888;0,94393476;0,898572885;0,940876656;5,912334353;5,606523955;10,14271152
Control;Corea, Republica de;KOR;GPeaceIndex;GPeaceIndex;;;;;;;;;1.660;1.716;1.715;1.829;1.734;1.822;1.849;1.701;1.858;1.823;1,066472303;1,011078717;1,00058309;-0,058309038;-6,647230321;-1,10787172
Control;India;IND;GPeaceIndex;GPeaceIndex;;;;;;;;;2.490;2.554;2.516;2.570;2.549;2.570;2.571;2.504;2.566;2.541;1,021462639;1,013116057;1,015103339;-1,510333863;-2,146263911;-1,311605723
Control;Mexico;MEX;GPeaceIndex;GPeaceIndex;;;;;;;;;2.060;2.158;2.216;2.362;2.445;2.434;2.500;2.530;2.557;2.646;1,065884477;1,10333935;0,973826715;2,61732852;-6,588447653;-10,33393502
Organizador;Sudafrica;ZAF;GPeaceIndex;GPeaceIndex;;;;;;;;;2.120;2.317;2.380;2.350;2.321;2.292;2.364;2.376;2.316;2.324;0,987394958;0,975210084;0,973529412;2,647058824;1,260504202;2,478991597
Organizador;Brasil;BRA;GPeaceIndex;GPeaceIndex;;;;;;;;;2.100;2.058;2.048;2.040;2.017;2.051;2.073;2.122;2.176;2.199;1,023637241;1,049686445;0,989387361;1,061263869;-2,363724071;-4,968644477
Organizador;China;CHN;GPeaceIndex;GPeaceIndex;;;;;;;;;2.030;2.045;2.034;2.054;2.061;2.142;2.207;2.267;2.288;2.242;1,007389163;1,001970443;1;0;-0,738916256;-0,197044335
Organizador;Federacion de Rusia;RUS;GPeaceIndex;GPeaceIndex;;;;;;;;;2.870;3.064;3.013;2.966;2.938;3.060;3.039;2.954;3.079;3.047;0,972030273;1,013162224;1,006910168;-0,691016782;2,796972688;-1,316222442
Control;Argentina;ARG;Inversion extranjera directa, entrada neta de capital (% del PIB);BX.KLT.DINV.WD.GD.ZS;3,665790595;0,806164135;2,198958195;1,294810869;2,505017516;2,649354415;2,381065197;2,251291536;2,689902865;1,206439226;2,675161719;2,04464008;2,8066719;1,779205536;0,96240665;1,977134618;0,587564212;1,806310307;0,764305225;1,049159712;0,450978054;54,90219459;23,56947748;-4,915971249
Control;Corea, Republica de;KOR;Inversion extranjera directa, entrada neta de capital (% del PIB);BX.KLT.DINV.WD.GD.ZS;2,049273711;1,223576512;0,899001594;1,030093538;1,738101244;1,519055227;0,905507316;0,786235316;1,116272931;1,000282777;0,867739218;0,812748039;0,776565541;0,977830215;0,657080499;0,296804076;0,855545973;1,114015333;0,936627068;0,894929634;1,152745844;-15,27458443;6,337293239;10,50703659
Control;India;IND;Inversion extranjera directa, entrada neta de capital (% del PIB);BX.KLT.DINV.WD.GD.ZS;0,77555818;1,070660341;1,025248066;0,614080764;0,775952192;0,898676912;2,176329406;2,100365807;3,656950691;2,687536065;1,653785022;2,002065552;1,312934337;1,516275965;1,695658786;2,093306912;1,954884827;1,538642053;1,210596011;0,793896619;1,625081875;-62,50818749;-21,05960114;20,61033813
Control;Mexico;MEX;Inversion extranjera directa, entrada neta de capital (% del PIB);BX.KLT.DINV.WD.GD.ZS;2,596709943;3,972481833;3,11551958;2,498643439;3,185216164;2,965112808;2,118514002;3,141580936;2,900025324;2,162625762;1,984805945;2,062156424;1,474440232;3,733329644;2,355376719;3,144230637;3,288858494;2,793837082;1,038971306;0,742863672;1,08959053;-8,959053037;-3,89713057;25,71363283
Organizador;Sudafrica;ZAF;Inversion extranjera directa, entrada neta de capital (% del PIB);BX.KLT.DINV.WD.GD.ZS;0,71048561;5,978861892;1,278469763;0,446850319;0,306381643;2,531168702;0,229310639;2,202693682;3,443051754;2,56529636;0,984090081;0,992925391;1,167208533;2,24423643;1,650494017;0,478735749;0,749015049;0,39263184;1,008978151;1,186078953;2,606769857;-160,6769857;-0,897815117;-18,60789525
Organizador;Brasil;BRA;Inversion extranjera directa, entrada neta de capital (% del PIB);BX.KLT.DINV.WD.GD.ZS;5,034128682;4,152126833;3,2653199;1,813120631;2,716381065;1,733900671;1,749493324;3,190894851;2,990663277;1,888455828;4,004401044;3,866591105;3,513179493;2,818096604;3,956833981;4,145902167;4,336395675;3,438815864;1,047782694;1,095925605;0,712209968;28,77900317;-4,778269362;-9,592560497
Organizador;China;CHN;Inversion extranjera directa, entrada neta de capital (% del PIB);BX.KLT.DINV.WD.GD.ZS;3,475082246;3,51300212;3,609099885;3,48740331;3,483641114;4,554254034;4,508579016;4,398685695;3,730468946;2,564740561;3,994731929;3,698517372;2,817738858;3,028225603;2,557600305;2,191564801;1,56151998;1,374633936;0,68751157;1,070839079;1,179124062;-17,91240615;31,24884302;-7,083907873
Organizador;Federacion de Rusia;RUS;Inversion extranjera directa, entrada neta de capital (% del PIB);BX.KLT.DINV.WD.GD.ZS;1,031167651;0,928661177;1,006585026;1,842377384;2,606185281;2,029804024;3,79771796;4,298950097;4,502704144;2,992130912;2,830829818;2,684830016;2,288763729;3,013279574;1,067583398;0,500801408;2,532747015;1,818289126;0,46909816;2,372411393;2,822523824;-182,2523824;53,09018396;-137,2411393
Control;Argentina;ARG;Acceso a tecnologias y combustibles limpios para cocinar (% de la poblacion);EG.CFT.ACCS.ZS;94,8;95,21;95,62;96,02;96,28;96,68;96,84;97,02;97,34;97,49;97,63;97,82;97,94;98,1;98,16;98,29;98,4;;1,001946123;1,003175254;0,998566015;0,143398546;-0,194612312;-0,317525351
Control;Corea, Republica de;KOR;Acceso a tecnologias y combustibles limpios para cocinar (% de la poblacion);EG.CFT.ACCS.ZS;96,21;96,36;96,46;96,47;96,6;96,57;96,59;96,57;96,73;96,66;96,8;96,68;96,79;96,8;96,77;96,68;96,68;;0,998760331;0,999896694;0,998553719;0,144628099;0,123966942;0,010330579
Control;India;IND;Acceso a tecnologias y combustibles limpios para cocinar (% de la poblacion);EG.CFT.ACCS.ZS;22,15;23,85;25,01;25,93;27,41;28,34;29,74;30,95;32,06;32,82;34,4;35,42;36,64;37,81;38,8;39,88;41,04;;1,029651163;1,065116279;0,954069767;4,593023256;-2,965116279;-6,511627907
Control;Mexico;MEX;Acceso a tecnologias y combustibles limpios para cocinar (% de la poblacion);EG.CFT.ACCS.ZS;80,68;80,97;81,25;81,61;81,96;82,27;82,52;82,83;83,15;83,41;83,74;84;84,24;84,59;84,87;85,15;85,35;;1,003104848;1,005970862;0,996059231;0,394076905;-0,310484834;-0,597086219
Organizador;Sudafrica;ZAF;Acceso a tecnologias y combustibles limpios para cocinar (% de la poblacion);EG.CFT.ACCS.ZS;56,43;58,81;61,01;63,29;65,6;67,53;69,58;71,46;73,35;75,04;76,65;78,21;79,65;81;82,36;83,64;84,75;;1,02035225;1,039138943;0,978995434;2,100456621;-2,035225049;-3,913894325
Organizador;Brasil;BRA;Acceso a tecnologias y combustibles limpios para cocinar (% de la poblacion);EG.CFT.ACCS.ZS;86,91;87,89;88,8;89,55;90,3;91,04;91,67;92,17;92,73;93,27;93,66;94,07;94,48;94,77;95,1;95,38;95,59;;1,002944269;1,005152471;0,996529968;0,347003155;-0,294426919;-0,515247108
Organizador;China;CHN;Acceso a tecnologias y combustibles limpios para cocinar (% de la poblacion);EG.CFT.ACCS.ZS;46,78;47,95;48,61;49,52;50,04;50,83;51,8;52,5;53,37;54,07;54,91;55,66;56,4;57,24;57,8;58,54;59,26;;1,013115983;1,028855162;0,983698707;1,630129286;-1,311598276;-2,885516208
Organizador;Federacion de Rusia;RUS;Acceso a tecnologias y combustibles limpios para cocinar (% de la poblacion);EG.CFT.ACCS.ZS;92,69;93,36;94,07;94,57;95,03;95,5;95,96;96,28;96,64;96,93;97,22;97,42;97,62;97,81;98,03;98,15;98,25;;1,001224115;1,002244211;0,997755789;0,224421096;-0,122411507;-0,224421096
Control;Argentina;ARG;Acceso a la electricidad (% de poblacion);EG.ELC.ACCS.ZS;95,09920502;95,51106347;95,79750824;96,13420868;96,47068024;96,81299591;97,16722107;97,53941345;97,93412781;98,36336517;98,82;99,21616364;99,58441162;99,83712769;99,95924377;99,99520874;100;;1,004008942;1,007735394;0,995379125;0,462087459;-0,400894187;-0,773539386
Control;India;IND;Acceso a la electricidad (% de poblacion);EG.ELC.ACCS.ZS;59,39574432;55,8;62,3;63,92449188;64,4;66,93244934;67,9;69,98802185;71,5473175;75;76,3;67,6;79,9;79,59911346;81,23950958;88;84,52681732;;0,885976409;1,047182176;0,982961992;1,703800786;11,40235911;-4,718217562
Organizador;Sudafrica;ZAF;Acceso a la electricidad (% de poblacion);EG.ELC.ACCS.ZS;71,33917999;70,2;77,1;78,8;80,9;80,9;80,7;82;81,9;82,7;82,9;84,7;85,3;85,4;86;85,5;84,2;;1,021712907;1,028950543;0,997587455;0,241254524;-2,171290712;-2,895054282
Organizador;Brasil;BRA;Acceso a la electricidad (% de poblacion);EG.ELC.ACCS.ZS;94,46656799;96,016528;96,652996;96,980098;96,765107;97,093513;97,594314;98,125382;98,526625;98,856938;98,88305664;99,328691;99,519494;99,575151;99,650247;99,710902;100;;1,000608679;1,003509806;0,999246404;0,075359572;-0,060867887;-0,350980565
Organizador;China;CHN;Acceso a la electricidad (% de poblacion);EG.ELC.ACCS.ZS;96,243927;96,55620575;96,85614014;97,1497879;97,44321442;97,74249268;98,06681061;98,39870453;98,74991608;99,11564636;99,7;99,74872589;99,91638184;99,98311615;99,99848938;100;100;;1,003703601;1,009621111;0,996443424;0,355657566;-0,370360098;-0,96211112
Organizador;Federacion de Rusia;RUS;Acceso a la electricidad (% de poblacion);EG.ELC.ACCS.ZS;100;100;100;100;100;100;100;100;100;100;100;100;100;100;100;100;100;;1;1;1;0;0;0
Control;Argentina;ARG;Consumo de energia renovable (% del consumo total de energia final);EG.FEC.RNEW.ZS;11,07795513;13,04037294;13,28797812;12,51812857;8,348045534;8,957601755;10,18784108;8,887648979;7,60968712;8,574061175;8,961445952;10,11684672;9,866701702;10,2103229;10,90195793;10,04007761;;;1,128930172;1,101016706;0,956772068;4,322793209;-12,89301725;-10,10167059
Control;Corea, Republica de;KOR;Consumo de energia renovable (% del consumo total de energia final);EG.FEC.RNEW.ZS;0,700450814;0,692197634;0,696662626;0,845581665;0,770203659;0,87292338;0,948657762;1,02492174;1,060729264;1,206796036;1,314953503;1,347612055;1,614257513;1,922273654;2,838191508;2,707702804;;;1,024836279;1,227615661;0,917748068;8,225193248;-2,483627919;-22,76156608
Control;India;IND;Consumo de energia renovable (% del consumo total de energia final);EG.FEC.RNEW.ZS;51,57934762;51,78721923;50,56944266;50,84279906;49,72402461;48,57530875;47,44372171;45,86780352;43,63288301;40,77082759;39,48150873;38,93174021;38,39089015;37,84984118;36,65183786;36,02122257;;;0,986075291;0,972376472;1,032656271;-3,265627122;1,392470893;2,762352843
Control;Mexico;MEX;Consumo de energia renovable (% del consumo total de energia final);EG.FEC.RNEW.ZS;12,16735994;11,34388488;10,68278055;10,16903862;10,21329275;10,30575562;9,824107412;9,456579741;9,769617777;9,168405481;9,359977543;9,066472235;8,964824208;9,231363457;9,758462423;9,215213455;;;0,96864252;0,957782662;0,97953285;2,046714975;3,135747998;4,221733801
Organizador;Sudafrica;ZAF;Consumo de energia renovable (% del consumo total de energia final);EG.FEC.RNEW.ZS;18,50808046;19,1214417;18,32410404;17,5065632;16,76079749;16,2453417;16,37039674;15,81162909;15,98658971;15,57029253;17,07980233;16,97859476;16,63288545;16,09739397;16,5881622;17,15014125;;;0,99407443;0,973833603;0,911620183;8,837981694;0,592557032;2,61663966
Organizador;Brasil;BRA;Consumo de energia renovable (% del consumo total de energia final);EG.FEC.RNEW.ZS;42,79877399;41,47787881;43,02456209;45,30866138;45,38996097;46,34794058;46,90506004;47,41762519;47,26330741;49,11372304;47,00666157;45,46855053;43,6207953;42,44784254;41,84187872;43,7903892;43,7903892;;1,046568427;1,046568427;1,014482233;-1,448223262;-4,656842707;-4,656842707
Organizador;China;CHN;Consumo de energia renovable (% del consumo total de energia final);EG.FEC.RNEW.ZS;29,73071484;28,45581538;27,09820152;23,94657959;20,24947926;18,20381865;17,09461008;15,34937114;14,60199657;13,91196227;12,88431031;11,69579699;11,96856703;11,8381669;12,22382301;12,41335257;;;0,952743839;0,882366342;1,05118304;-5,118303961;4,725616088;11,76336577
Organizador;Federacion de Rusia;RUS;Consumo de energia renovable (% del consumo total de energia final);EG.FEC.RNEW.ZS;3,497189098;3,621604248;3,459288723;3,280098638;3,554391407;3,615024605;3,483899853;3,669240152;3,307738381;3,599623033;3,342748397;3,227795536;3,354041116;3,744504114;3,422426946;3,304228351;;;0,965463515;0;1,094107828;-9,41078282;3,453648459;100
Control;Argentina;ARG;Gasto en investigacion y desarrollo (% del PIB);GB.XPD.RSDV.GD.ZS;0,43915;0,42413;0,38834;0,41003;0,40386;0,41897;0,45021;0,45801;0,47041;0,58608;0,56126;0,56648;0,63596;0,62017;0,58852;;;;1,009300502;1,133093397;1,044221929;-4,422192923;-0,930050244;-13,3093397
Control;Corea, Republica de;KOR;Gasto en investigacion y desarrollo (% del PIB);GB.XPD.RSDV.GD.ZS;2,18087;2,34165;2,27363;2,35126;2,53257;2,62559;2,83082;3,00975;3,13619;3,29813;3,45314;3,75116;4,01812;4,14692;4,27746;4,22816;;;1,086304059;1,163613407;0,955110421;4,488957876;-8,630405949;-16,36134069
Control;India;IND;Gasto en investigacion y desarrollo (% del PIB);GB.XPD.RSDV.GD.ZS;0,74306;0,72196;0,71213;0,70727;0,74436;0,81118;0,7981;0,81483;0,86728;0,84461;0,8219;0,8309;;;;0,6274;;;1,010950237;0;1,027631099;-2,763109867;-1,095023726;100
Control;Mexico;MEX;Gasto en investigacion y desarrollo (% del PIB);GB.XPD.RSDV.GD.ZS;0,31721;0,33852;0,3818;0,38872;0,39434;0,40362;0,37382;0,42995;0,47279;0,51945;0,53565;0,51374;0,49364;0,50404;0,53571;0,55238;;;0,959096425;0,921571922;0,969756371;3,024362924;4,09035751;7,842807804
Organizador;Sudafrica;ZAF;Gasto en investigacion y desarrollo (% del PIB);GB.XPD.RSDV.GD.ZS;;0,71315;;0,75809;0,81149;0,86276;0,89786;0,88266;0,88781;0,83485;0,7365;0,7354;0,7345;0,72283;;;;;0,998506449;0,997284453;1,133536999;-13,35369993;0,149355058;0,27155465
Organizador;Brasil;BRA;Gasto en investigacion y desarrollo (% del PIB);GB.XPD.RSDV.GD.ZS;1,00084;1,02879;0,97667;0,9982;0,96233;1,00273;0,98784;1,08149;1,12896;1,11968;1,15869;1,14132;1,12795;1,19828;1,16755;1,16755;1,16755;;1;1;1,026320072;-2,632007195;0;0
Organizador;China;CHN;Gasto en investigacion y desarrollo (% del PIB);GB.XPD.RSDV.GD.ZS;0,89566;0,93917;1,05541;1,12382;1,21378;1,31015;1,37128;1,37416;1,44251;1,66249;1,71007;1,77648;1,90711;1,99102;2,02106;2,06558;;;1,152498076;1,18548225;0,952617313;4,738268712;-15,24980763;-18,54822497
Organizador;Federacion de Rusia;RUS;Gasto en investigacion y desarrollo (% del PIB);GB.XPD.RSDV.GD.ZS;1,04921;1,17741;1,25004;1,28684;1,15318;1,06845;1,07363;1,11771;1,04376;1,25215;1,1304;1,02249;1,04614;1,05605;1,08797;1,13202;;;1,040488249;0;0,970660956;2,933904428;-4,048824876;100
Control;Argentina;ARG;Suscripciones a telefonia celular movil (por cada 100 personas);IT.CEL.SETS.P2;17,50781462;17,99177877;17,33135177;20,47079124;34,88984757;56,60020383;79,65438363;101,0796712;115,1709326;128,6361343;138,4689785;145,7687913;152,8090976;158,3489275;142,4663975;142,4348098;145,3305063;139,8146002;1,052718037;1,103561962;0,92898883;7,101116995;-5,271803722;-10,35619623
Control;Corea, Republica de;KOR;Suscripciones a telefonia celular movil (por cada 100 personas);IT.CEL.SETS.P2;56,59102147;60,87591444;67,37347605;69,59854948;75,43814051;78,71793498;82,20967446;90,43409775;92,66136634;97,09394691;102,4506883;105,5526243;107,3513875;108,992757;113,7039183;116,4870829;120,679705;124,8645076;1,030277356;1,047834712;0,947713954;5,228604552;-3,027735631;-4,783471229
Control;India;IND;Suscripciones a telefonia celular movil (por cada 100 personas);IT.CEL.SETS.P2;0,339688704;0,610371924;1,192871643;3,040537299;4,63709626;7,87855334;14,29029122;19,80365477;28,97639365;43,2432608;61,10493897;71,66746768;68,46206123;69,32038505;72,96069065;76,4717128;85,1709257;87,2849181;1,172858837;1,120401434;0,70768847;29,23115295;-17,28588374;-12,04014337
Control;Mexico;MEX;Suscripciones a telefonia celular movil (por cada 100 personas);IT.CEL.SETS.P2;13,83987933;21,11009794;24,84606865;28,4906957;35,93712368;43,44775328;50,31725357;59,51505426;66,25221758;72,02580822;77,89321334;79,42164707;83,36393226;87,11513352;84,48477479;85,54092479;87,60369095;88,51342699;1,019622168;1,070233576;0,924673731;7,532626875;-1,96221682;-7,023357605
Organizador;Sudafrica;ZAF;Suscripciones a telefonia celular movil (por cada 100 personas);IT.CEL.SETS.P2;18,23596605;23,25535972;29,13696592;35,38394635;43,19196922;69,56073407;80,34505387;84,79132144;89,26423242;91,10310923;97,64917918;122,4563613;129,0496342;142,9589002;145,3636865;159,1563435;147,1252059;161,9937978;1,254043939;1,321563942;0,93296339;6,703661;-25,40439394;-32,15639422
Organizador;Brasil;BRA;Suscripciones a telefonia celular movil (por cada 100 personas);IT.CEL.SETS.P2;13,22864408;16,17196098;19,36206845;25,41249446;35,51236744;46,12216626;52,86352359;63,3315358;78,06102237;86,91075624;100,0679429;117,9533009;123,8145622;133,9368763;137,468532;125,1755852;117,5362334;112,9965568;0,910576286;0,855004645;0,974309352;2,569064817;8,942371445;14,4995355
Organizador;China;CHN;Suscripciones a telefonia celular movil (por cada 100 personas);IT.CEL.SETS.P2;6,644332017;11,21820253;15,8630534;20,66477271;25,48113353;29,76687407;34,68664201;40,9414866;47,69694564;55,2645244;63,17336105;72,12191839;80,87231798;88,88624773;92,51732892;92,48087287;97,25213003;104,5816819;1,158659609;1,32447393;0,858367052;14,16329484;-15,86596092;-32,44739302
Organizador;Federacion de Rusia;RUS;Suscripciones a telefonia celular movil (por cada 100 personas);IT.CEL.SETS.P2;2,229014825;5,315301052;12,1276699;24,9923652;51,18013339;83,55487851;105,1290236;119,594712;139,4449929;160,7698335;166,037583;142,2211191;145,0733488;152,0226901;153,7480762;157,9618048;159,154605;157,8875348;1,027406708;1,035164855;0,988777836;1,122216366;-2,740670773;-3,516485491
Control;Argentina;ARG;Suscripciones a banda ancha fija (por cada 100 personas);IT.NET.BBND.P2;;0,250857258;0,390610876;0,675680491;1,401748719;2,367378841;4,00343134;6,504842205;7,71311722;8,605580959;9,771610825;10,97543337;12,23036065;14,69447819;15,16805073;15,79039594;16,49367591;17,77735924;1,123195916;1,251621751;0,880671684;11,93283162;-12,31959162;-25,16217505
Control;Corea, Republica de;KOR;Suscripciones a banda ancha fija (por cada 100 personas);IT.NET.BBND.P2;8,166915374;16,38558619;21,67593456;23,16066089;24,58125819;25,027894;28,71961411;29,98220492;31,44097953;33,10820822;34,69885237;35,90239105;36,5402223;37,34860893;38,10404013;39,57890812;40,47038073;41,57512428;1,034685259;1,053067171;0,954158595;4,584140519;-3,468525901;-5,306717095
Control;India;IND;Suscripciones a banda ancha fija (por cada 100 personas);IT.NET.BBND.P2;;0,004666452;0,007561797;0,012667732;0,020867821;0,117819946;0,197938391;0,265325911;0,441048628;0,637890186;0,892784109;1,070461941;1,186175525;1,167535683;1,21728847;1,294274358;1,40867811;1,333354912;1,19901545;1,328625266;0,714495452;28,55045481;-19,90154498;-32,8625266
Control;Mexico;MEX;Suscripciones a banda ancha fija (por cada 100 personas);IT.NET.BBND.P2;0,01474641;0,048512101;0,221824207;0,405499018;0,98815481;1,772206615;2,743150847;4,027690604;6,627233075;8,346953785;9,020593699;9,712039087;10,82302345;10,40337225;10,49134692;11,72259493;12,57174833;13,26369269;1,076651871;1,199812763;0,925321998;7,467800204;-7,665187136;-19,98127629
Organizador;Sudafrica;ZAF;Suscripciones a banda ancha fija (por cada 100 personas);IT.NET.BBND.P2;;;0,005675563;0,04263073;0,124359046;0,338566194;0,678851084;0,757709681;0,845034734;0,943677223;1,440350594;1,735436246;2,089127043;3,004069604;3,128577964;2,548952388;2,054378796;2,994437873;1,204870712;1,450429535;0,655171892;34,48281084;-20,4870712;-45,04295352
Organizador;Brasil;BRA;Suscripciones a banda ancha fija (por cada 100 personas);IT.NET.BBND.P2;0,057049105;0,186215894;0,405770667;0,529504944;1,70915468;1,730069365;2,522060297;3,983450748;5,190674889;6,018592091;7,165222223;8,975463419;9,533083511;10,55322334;11,73692977;12,37241075;12,88524721;13,69881595;1,054143715;1,097837975;0,899146843;10,08531575;-5,414371539;-9,783797519
Organizador;China;CHN;Suscripciones a banda ancha fija (por cada 100 personas);IT.NET.BBND.P2;0,001765899;0,026049283;0,253994432;0,858809836;1,897982349;2,826069624;3,825808914;4,968130974;6,16468769;7,690293166;9,291158372;11,44345583;12,7387417;13,66140637;14,42209207;19,83109074;22,98517393;26,85600056;1,247474901;1,507158;0,805901487;19,40985133;-24,7474901;-50,71580005
Organizador;Federacion de Rusia;RUS;Suscripciones a banda ancha fija (por cada 100 personas);IT.NET.BBND.P2;;;0,007576025;0,237231195;0,46860484;1,10640585;2,023402633;3,42297949;6,485737559;9,015130849;10,96722017;12,30930832;14,58876649;16,53607524;17,35553063;18,68221273;19,11769882;21,4409617;1,07644146;1,101533524;0,952784193;4,72158074;-7,644145966;-10,15335238
Control;Argentina;ARG;Personas que usan Internet (% de la poblacion);IT.NET.USER.ZS;7,038683086;9,780807285;10,88212438;11,91369655;16,03668411;17,72058337;20,9272021;25,94663294;28,11262348;34;45;51;55,8;59,9;64,7;68,04306411;70,96898082;;1,133333333;1,24;0,755555556;24,44444444;-13,33333333;-24
Control;Corea, Republica de;KOR;Personas que usan Internet (% de la poblacion);IT.NET.USER.ZS;44,7;56,6;59,4;65,5;72,7;73,5;78,1;78,8;81;81,6;83,7;83,75912015;84,07;84,77;87,55682649;89,9;92,84302568;95,09714917;1,000706334;1,00442055;0,974910394;2,508960573;-0,070633397;-0,442054958
Control;India;IND;Personas que usan Internet (% de la poblacion);IT.NET.USER.ZS;0,52753245;0,660146377;1,537875582;1,686489971;1,976136492;2,388075;2,805499865;3,95;4,38;5,12;7,5;10,07;12,58006091;15,1;21;26;29,54716289;;1,342666667;1,677341455;0,682666667;31,73333333;-34,26666667;-67,73414552
Control;Mexico;MEX;Personas que usan Internet (% de la poblacion);IT.NET.USER.ZS;5,081384153;7,038023117;11,9;12,9;14,1;17,21;19,52;20,81;21,71;26,34;31,05;37,17629541;39,75;43,46;44,39;57,43104299;59,540446;63,85224909;1,1973042;1,280193237;0,848309179;15,16908213;-19,73042001;-28,01932367
Organizador;Sudafrica;ZAF;Personas que usan Internet (% de la poblacion);IT.NET.USER.ZS;5,348559732;6,346619318;6,710322437;7,007691726;8,425118683;7,48854253;7,607139675;8,065375174;8,43;10;24;33,97;41;46,5;49;51,91911572;54;;1,415416667;1,708333333;0,416666667;58,33333333;-41,54166667;-70,83333333
Organizador;Brasil;BRA;Personas que usan Internet (% de la poblacion);IT.NET.USER.ZS;2,870685159;4,528494869;9,149425086;13,2075861;19,07367227;21,02274725;28,17838018;30,88;33,83;39,22;40,65;45,69;48,56;51,04;54,55100188;58,32795173;60,87254007;;1,069237039;1,115883081;0,935638178;6,436182212;-6,923703918;-11,58830813
Organizador;China;CHN;Personas que usan Internet (% de la poblacion);IT.NET.USER.ZS;1,775913207;2,639650215;4,595704331;6,2;7,3;8,523257003;10,52315262;16;22,6;28,9;34,3;38,3;42,30011749;45,8;47,9;50,3;53,2;54,3;1,278761062;1,517699115;0,707964602;29,20353982;-27,87610619;-51,7699115
Organizador;Federacion de Rusia;RUS;Personas que usan Internet (% de la poblacion);IT.NET.USER.ZS;1,977230109;2,944367787;4,128271818;8,298860616;12,8593889;15,2266732;18,02327746;24,66;26,83;29;43;49;63,8;67,97;70,52;70,1;73,09143462;76,00813853;0,994044243;1,036463906;0,963840045;3,615995462;0,595575723;-3,646390553
Control;Argentina;ARG;Gasto de consumo final de los hogares (US$ a precios actuales);NE.CON.PRVT.CD;1,97E+11;1,85E+11;60489589195;80632148797;1,06E+11;1,25E+11;1,47E+11;1,80E+11;2,28E+11;2,10E+11;2,72E+11;3,40E+11;3,54E+11;3,64E+11;3,44E+11;3,92E+11;3,66E+11;4,17E+11;1,251216064;1,302255672;0,770643711;22,93562889;-25,12160637;-30,22556725
Control;Corea, Republica de;KOR;Gasto de consumo final de los hogares (US$ a precios actuales);NE.CON.PRVT.CD;3,02E+11;2,92E+11;3,38E+11;3,65E+11;3,93E+11;4,69E+11;5,34E+11;5,88E+11;5,25E+11;4,66E+11;5,51E+11;6,13E+11;6,28E+11;6,65E+11;7,11E+11;6,82E+11;6,88E+11;7,36E+11;1,112610796;1,140548391;0,845865698;15,41343015;-11,26107964;-14,05483908
Control;India;IND;Gasto de consumo final de los hogares (US$ a precios actuales);NE.CON.PRVT.CD;2,94E+11;3,07E+11;3,20E+11;3,68E+11;4,07E+11;4,64E+11;5,23E+11;6,74E+11;6,75E+11;7,46E+11;9,14E+11;1,02E+12;1,03E+12;1,07E+12;1,19E+12;1,24E+12;1,34E+12;1,53E+12;1,121139136;1,129034496;0,816605871;18,33941294;-12,11391358;-12,90344962
Control;Mexico;MEX;Gasto de consumo final de los hogares (US$ a precios actuales);NE.CON.PRVT.CD;4,81E+11;5,21E+11;5,38E+11;5,12E+11;5,34E+11;6,02E+11;6,56E+11;7,07E+11;7,43E+11;5,92E+11;6,91E+11;7,65E+11;7,77E+11;8,47E+11;8,66E+11;7,67E+11;7,05E+11;7,53E+11;1,106716818;1,124602758;0,857103266;14,28967343;-10,67168183;-12,46027578
Organizador;Sudafrica;ZAF;Gasto de consumo final de los hogares (US$ a precios actuales);NE.CON.PRVT.CD;86058099657;76471620695;70350687016;1,06E+11;1,42E+11;1,60E+11;1,68E+11;1,84E+11;1,72E+11;1,77E+11;2,21E+11;2,48E+11;2,42E+11;2,22E+11;2,10E+11;1,90E+11;1,76E+11;2,08E+11;1,121106216;1,09081677;0,798515635;20,14843651;-12,1106216;-9,081676978
Organizador;Brasil;BRA;Gasto de consumo final de los hogares (US$ a precios actuales);NE.CON.PRVT.CD;4,23E+11;3,59E+11;3,14E+11;3,45E+11;4,03E+11;5,39E+11;6,69E+11;8,37E+11;1,01E+12;1,03E+12;1,33E+12;1,58E+12;1,51E+12;1,53E+12;1,55E+12;1,15E+12;1,15E+12;1,30E+12;0,745518601;0,742788535;0,986946718;1,305328155;25,44813991;25,72114648
Organizador;China;CHN;Gasto de consumo final de los hogares (US$ a precios actuales);NE.CON.PRVT.CD;5,68E+11;6,13E+11;6,65E+11;7,17E+11;8,05E+11;9,18E+11;1,06E+12;1,31E+12;1,66E+12;1,85E+12;2,16E+12;2,73E+12;3,15E+12;3,55E+12;3,95E+12;4,27E+12;4,42E+12;4,70E+12;1,117025317;1,299709558;0,790295652;20,97043483;-11,70253167;-29,97095579
Organizador;Federacion de Rusia;RUS;Gasto de consumo final de los hogares (US$ a precios actuales);NE.CON.PRVT.CD;1,20E+11;1,51E+11;1,77E+11;2,18E+11;2,98E+11;3,82E+11;4,83E+11;6,34E+11;8,12E+11;6,68E+11;7,85E+11;1,03E+12;1,13E+12;1,22E+12;1,10E+12;7,16E+11;6,76E+11;8,26E+11;0,649845936;0,612993185;1,103405167;-10,34051673;35,01540639;38,70068147
Control;Argentina;ARG;Proporcion de niñas con respecto a niños en educacion primaria y secundaria (%);SE.ENR.PRSC.FM.ZS;1,024019957;1,025169969;1,024379969;1,027160048;1,031679988;1,035869956;1,042490005;1,048009992;1,050999999;1,047979951;1,035979986;1,039739966;1,03373003;1,030099988;1,029659986;1,02662003;;;1,003629395;0,997828186;1,011583201;-1,158320129;-0,362939463;0,217181428
Control;Corea, Republica de;KOR;Proporcion de niñas con respecto a niños en educacion primaria y secundaria (%);SE.ENR.PRSC.FM.ZS;1,009860039;1,010480046;1,010139942;1,009920001;1,009490013;1,00751996;1,002329946;0,999800026;0,999409974;0,998570025;0,997669995;0,997340024;0,998950005;1,000710011;1,001970053;1,002760053;;;0,999669258;1,001282999;1,000902132;-0,090213211;0,033074194;-0,128299914
Control;India;IND;Proporcion de niñas con respecto a niños en educacion primaria y secundaria (%);SE.ENR.PRSC.FM.ZS;0,787329972;0,795109987;0,815720022;0,900129974;;;;0,929709971;0,954890013;0,978579998;0,978699982;0,989109993;0,995069981;1,065009952;1,063770056;1,066089988;1,092859983;;1,01063657;1,016726268;0,999877405;0,012259543;-1,063656994;-1,672626827
Control;Mexico;MEX;Proporcion de niñas con respecto a niños en educacion primaria y secundaria (%);SE.ENR.PRSC.FM.ZS;1,005740047;1,012959957;1,020709991;1,031020045;1,026900053;1,025580049;1,027430058;1,027950048;1,030249953;1,032680035;1,031960011;1,031110048;1,032060027;1,029629946;1,031710029;1,038239956;1,044029951;;0,999176361;1,000096919;1,000697725;-0,069772482;0,082363873;-0,009691906
Organizador;Sudafrica;ZAF;Proporcion de niñas con respecto a niños en educacion primaria y secundaria (%);SE.ENR.PRSC.FM.ZS;1,004709959;1,011919975;1,007470012;1,003859997;1,003640056;1,002509952;1,001430035;1,000669956;0,997560024;0,998880029;0,998359978;0,995800018;0,995609999;;1,012609959;0,951690018;;;0,997435835;0,997245503;1,000520905;-0,052090482;0,256416518;0,275449693
Organizador;Brasil;BRA;Proporcion de niñas con respecto a niños en educacion primaria y secundaria (%);SE.ENR.PRSC.FM.ZS;;;1,012959957;1,035449982;1,033529997;1,028849959;;1,043990016;1,038730025;1,044160008;;1,025930047;1,035640001;1,029579997;1,029139996;1,017940044;;;0,989117174;0;1,000427543;-0,042754289;1,088282568;100
Organizador;China;CHN;Proporcion de niñas con respecto a niños en educacion primaria y secundaria (%);SE.ENR.PRSC.FM.ZS;;0,965690017;;0,966019988;;;0,989329994;0,992699981;0,998109996;1,004600048;0,990350008;0,994029999;0,99883002;1,007809997;1,011240005;1,013380051;1,011940002;;1,006502341;0,992225318;0,99457974;0,542025989;-0,65023412;0,777468249
Organizador;Federacion de Rusia;RUS;Proporcion de niñas con respecto a niños en educacion primaria y secundaria (%);SE.ENR.PRSC.FM.ZS;;;;0,999310017;;0,993110001;0,991209984;0,988070011;0,985140026;0,990779996;;0,991919994;0,991630018;0,993070006;0,990239978;0,99040997;0,993070006;;1,000171668;1,002857922;1,002857922;-0,285792192;-0,017166793;-0,285792192
Control;Argentina;ARG;Numero de muertes de menores de 5 años;SH.DTH.MORT;14155;13669;13214;12795;12416;12089;11816;11595;11389;11142;10818;10431;9992;9523;9054;8597;8175;7793;0,96422629;0,923645776;1,029950083;-2,995008319;3,577371048;7,635422444
Control;Corea, Republica de;KOR;Numero de muertes de menores de 5 años;SH.DTH.MORT;4421;4007;3631;3281;2961;2677;2433;2233;2076;1954;1860;1785;1723;1668;1617;1570;1525;1483;0,959677419;0,926344086;1,050537634;-5,053763441;4,032258065;7,365591398
Control;India;IND;Numero de muertes de menores de 5 años;SH.DTH.MORT;2526532;2430062;2334241;2239040;2144118;2048554;1951160;1851730;1749431;1647120;1545388;1446623;1353021;1265369;1184969;1111895;1046505;989167;0,936090483;0,875521875;1,065829423;-6,582942277;6,390951657;12,44781246
Control;Mexico;MEX;Numero de muertes de menores de 5 años;SH.DTH.MORT;65525;61630;57977;54655;51673;49038;46758;44801;43140;41733;40526;39430;38368;37236;35949;34476;32798;30973;0,972955633;0,946750234;1,029783349;-2,978334896;2,704436658;5,324976558
Organizador;Sudafrica;ZAF;Numero de muertes de menores de 5 años;SH.DTH.MORT;86309;89381;92167;93959;94657;94335;91881;85329;79152;71225;68130;59228;54775;50902;48301;47157;45013;43254;0,86933803;0,80397769;1,045427859;-4,542785851;13,06619698;19,60223103
Organizador;Brasil;BRA;Numero de muertes de menores de 5 años;SH.DTH.MORT;123371;114069;105094;96583;88639;81383;74949;69338;64565;60580;57291;54556;52279;50300;48494;46747;48257;43278;0,963974925;0,995112797;1,037241721;-3,724172063;3,602507527;0,488720254
Organizador;China;CHN;Numero de muertes de menores de 5 años;SH.DTH.MORT;606034;556222;509908;466569;426827;391025;359724;332621;309089;288111;268923;250858;233318;216234;199964;184170;169127;155576;0,932129581;0,870050374;1,076133411;-7,613341141;6,78704192;12,99496262
Organizador;Federacion de Rusia;RUS;Numero de muertes de menores de 5 años;SH.DTH.MORT;25510;24544;23529;22468;21402;20383;19465;18692;18131;17841;17794;17815;17727;17395;16751;15814;14767;13777;0,944063041;0,88155931;1,038445466;-3,844546594;5,593695899;11,84406901
Control;Argentina;ARG;Medicos (por cada 1,000 personas);SH.MED.PHYS.ZS;;3,231;;;3,166;3,21;;;;;3,21;;;3,907;;;;;0;0;0;100;100;100
Control;Corea, Republica de;KOR;Medicos (por cada 1,000 personas);SH.MED.PHYS.ZS;1,3;1,4;1,5;1,573;1,733;1,793;1,842;1,898;1,96;2,017;2,002;2,054;2,099;2,185;2,231;2,273;2,326;;1,025974026;1,048451548;1,007492507;-0,749250749;-2,597402597;-4,845154845
Control;India;IND;Medicos (por cada 1,000 personas);SH.MED.PHYS.ZS;0,527;0,538;0,557;0,564;0,573;0,577;0,587;0,6;0,615;0,624;0,663;0,739;0,699;;0,725;;0,758;;1,114630468;1,054298643;0,941176471;5,882352941;-11,46304676;-5,429864253
Control;Mexico;MEX;Medicos (por cada 1,000 personas);SH.MED.PHYS.ZS;1,905;1,5;1,5;1,5;2,893;1,749;1,864;1,888;1,925;1,959;1,922;2,019;2,029;2,071;2,118;2,231;;;1,050468262;1,055671176;1,01925078;-1,925078044;-5,046826223;-5,567117586
Organizador;Sudafrica;ZAF;Medicos (por cada 1,000 personas);SH.MED.PHYS.ZS;;;;;0,731;;;;;;0,728;0,715;0,725;0,742;0,756;0,767;0,818;;0,982142857;0,995879121;0;100;1,785714286;0,412087912
Organizador;Brasil;BRA;Medicos (por cada 1,000 personas);SH.MED.PHYS.ZS;1,127;1,38;1,406;1,46;1,569;1,645;1,678;1,707;1,755;1,791;1,787;1,821;1,821;1,852;1,852;1,852;1,852;;1;1;1;0;0;0
Organizador;China;CHN;Medicos (por cada 1,000 personas);SH.MED.PHYS.ZS;1,255;1,055;1,133;;;;;1,421;1,421;1,421;1,462;1,5;1,569;1,668;1,724;1,812;;;1;1,02885292;1;0;0;-2,885292048
Organizador;Federacion de Rusia;RUS;Medicos (por cada 1,000 personas);SH.MED.PHYS.ZS;;4,172;4;4,252;4;4;4,309;;;;5;4,244;4,031;4,022;4,163;3,975;;;0,954840259;0;0,966130195;3,386980543;4,515974057;100
Control;Argentina;ARG;Incidencia de tuberculosis (por cada 100,000 personas);SH.TBS.INCD;37;35;35;33;34;31;28;29;26;22;20;27;24;24;25;25;24;;1,35;1,2;1,1;-10;-35;-20
Control;Corea, Republica de;KOR;Incidencia de tuberculosis (por cada 100,000 personas);SH.TBS.INCD;49;84;78;82;77;94;92;91;88;94;95;99;94;89;85;79;77;;1,042105263;0,989473684;0,989473684;1,052631579;-4,210526316;1,052631579
Control;India;IND;Incidencia de tuberculosis (por cada 100,000 personas);SH.TBS.INCD;289;288;287;285;282;279;274;268;261;254;247;241;234;228;223;217;211;;0,975708502;0,947368421;1,028340081;-2,834008097;2,429149798;5,263157895
Control;Mexico;MEX;Incidencia de tuberculosis (por cada 100,000 personas);SH.TBS.INCD;23;23;21;23;18;21;20;21;21;21;21;21;21;21;21;21;22;;1;1;1;0;0;0
Organizador;Sudafrica;ZAF;Incidencia de tuberculosis (por cada 100,000 personas);SH.TBS.INCD;585;666;746;820;883;932;963;977;977;967;948;922;892;860;834;807;781;;0,97257384;0,94092827;1,020042194;-2,004219409;2,742616034;5,907172996
Organizador;Brasil;BRA;Incidencia de tuberculosis (por cada 100,000 personas);SH.TBS.INCD;51;48;52;53;54;50;46;45;46;45;44;44;42;45;43;42;42;;0,976744186;0,976744186;1,046511628;-4,651162791;2,325581395;2,325581395
Organizador;China;CHN;Incidencia de tuberculosis (por cada 100,000 personas);SH.TBS.INCD;109;105;102;98;95;92;89;86;83;82;77;76;74;70;68;66;64;;0,987951807;0,927710843;1,036144578;-3,614457831;1,204819277;7,228915663
Organizador;Federacion de Rusia;RUS;Incidencia de tuberculosis (por cada 100,000 personas);SH.TBS.INCD;95;92;89;88;87;87;88;90;91;89;86;81;76;73;70;68;66;;0,971428571;0,942857143;1,042857143;-4,285714286;2,857142857;5,714285714
Control;Argentina;ARG;Desempleo, mujeres (% de la poblacion activa femenina) (estimacion modelado OIT);SL.UEM.TOTL.FE.ZS;16,37400055;17,19199944;18,8220005;17,57699966;15,81599998;13,59200001;12,42500019;10,97799969;9,751999855;9,87100029;9,225999832;8,513999939;8,838999748;8,505999565;8,399999619;8,234000206;9,55700016;9,524000168;0,922826804;0,958053318;1,069911172;-6,991117163;7,717319598;4,194668231
Control;Corea, Republica de;KOR;Desempleo, mujeres (% de la poblacion activa femenina) (estimacion modelado OIT);SL.UEM.TOTL.FE.ZS;3,641000032;3,301000118;2,746999979;3,286000013;3,355999947;3,381999969;2,933000088;2,631000042;2,607000113;3,013999939;3,342000008;3,121000051;2,971999884;2,855999947;3,489000082;3,559999943;3,605999947;3,572999954;0,933871946;0,889287815;0,901855156;9,814484378;6,612805375;11,07121853
Control;India;IND;Desempleo, mujeres (% de la poblacion activa femenina) (estimacion modelado OIT);SL.UEM.TOTL.FE.ZS;4,21600008;4,361999989;4,506999969;4,663000107;4,809999943;5,004000187;4,886000156;4,763000011;4,611000061;4,493000031;4,379000187;4,311999798;4,22300005;4,177000046;4,106999874;4,186999798;4,159999847;4,157999992;0,984699615;0,964375398;1,026033304;-2,603330412;1,530038507;3,562460166
Control;Mexico;MEX;Desempleo, mujeres (% de la poblacion activa femenina) (estimacion modelado OIT);SL.UEM.TOTL.FE.ZS;3,289999962;3,309000015;3,532000065;3,647000074;4,736000061;3,915999889;3,897000074;4,034999847;4,074999809;5,380000114;5,208000183;5,15199995;4,914000034;4,991000175;4,868000031;4,480000019;3,937000036;3,604000092;0,989247268;0,943548361;1,033026099;-3,302609933;1,075273247;5,645163948
Organizador;Sudafrica;ZAF;Desempleo, mujeres (% de la poblacion activa femenina) (estimacion modelado OIT);SL.UEM.TOTL.FE.ZS;26,70999908;28,08699989;31,60499954;31,28300095;28,84700012;28,42900085;27,45400047;26,63800049;25,81800079;25,58799934;27,02300072;27,22999954;27,0739994;26,54100037;27,04000092;27,54299927;28,99500084;29,50300026;1,007660098;1,001887233;0,946897038;5,310296174;-0,766009768;-0,188723259
Organizador;Brasil;BRA;Desempleo, mujeres (% de la poblacion activa femenina) (estimacion modelado OIT);SL.UEM.TOTL.FE.ZS;12,63599968;11,97399998;11,60900021;12,38799953;11,73799992;12,30500031;11,06999969;10,85299969;10,25500011;11,0880003;9,861000061;9,149000168;9,059000015;8,784000397;8,118000031;10,06499958;13,46899986;15,33600044;1,239837342;1,659152477;1,082039956;-8,203995611;-23,9837342;-65,91524775
Organizador;China;CHN;Desempleo, mujeres (% de la poblacion activa femenina) (estimacion modelado OIT);SL.UEM.TOTL.FE.ZS;4,026000023;4,019999981;3,90899992;3,806999922;3,803999901;3,655999899;3,532999992;3,312999964;3,838000059;3,76699996;3,678999901;3,795000076;3,90199995;3,957999945;3,999000072;4,005000114;4,131000042;4,236999989;0,981500756;0,958572132;0,863209982;13,67900175;1,84992439;4,14278676
Organizador;Federacion de Rusia;RUS;Desempleo, mujeres (% de la poblacion activa femenina) (estimacion modelado OIT);SL.UEM.TOTL.FE.ZS;10,36900043;8,593999863;7,675000191;7,656000137;7,540999889;7,022999763;6,815999985;5,756000042;6,065000057;7,818999767;6,837999821;6,090000153;5,072000027;5,142000198;4,821000099;5,308000088;5,31400013;5,046000004;1,101016382;1,102260946;1,066583716;-6,658371553;-10,10163822;-10,22609459
Control;Argentina;ARG;Desempleo, varones (% de la poblacion activa masculina) (estimacion modelado OIT);SL.UEM.TOTL.MA.ZS;14,04199982;17,4090004;20,12100029;13,80500031;11,88599968;10,04800034;8,416999817;6,711999893;6,514999866;7,791999817;6,690999985;6,256000042;6,09100008;6,125999928;6,493000031;6,401000023;8,100999832;7,822000027;0,934987305;0,910327319;1,16454937;-16,454937;6,501269523;8,967268062
Control;Argentina;ARG;Desempleo, varones (% de la poblacion activa masculina) (estimacion modelado OIT);SL.UEM.TOTL.MA.ZS;14,04199982;17,4090004;20,12100029;13,80500031;11,88599968;10,04800034;8,416999817;6,711999893;6,514999866;7,791999817;6,690999985;6,256000042;6,09100008;6,125999928;6,493000031;6,401000023;8,100999832;7,822000027;0,934987305;0,910327319;1,16454937;-16,454937;6,501269523;8,967268062
Control;Corea, Republica de;KOR;Desempleo, varones (% de la poblacion activa masculina) (estimacion modelado OIT);SL.UEM.TOTL.MA.ZS;4,947999954;4,478000164;3,644999981;3,744999886;3,88499999;3,970999956;3,811000109;3,648000002;3,546000004;4,072000027;3,982000113;3,611000061;3,392999887;3,305000067;3,559000015;3,680000067;3,785000086;3,842999935;0,906830728;0,852084327;1,022601685;-2,260168549;9,316927198;14,79156726
Control;Corea, Republica de;KOR;Desempleo, varones (% de la poblacion activa masculina) (estimacion modelado OIT);SL.UEM.TOTL.MA.ZS;4,947999954;4,478000164;3,644999981;3,744999886;3,88499999;3,970999956;3,811000109;3,648000002;3,546000004;4,072000027;3,982000113;3,611000061;3,392999887;3,305000067;3,559000015;3,680000067;3,785000086;3,842999935;0,906830728;0,852084327;1,022601685;-2,260168549;9,316927198;14,79156726
Control;India;IND;Desempleo, varones (% de la poblacion activa masculina) (estimacion modelado OIT);SL.UEM.TOTL.MA.ZS;4,355999947;4,311999798;4,40199995;4,164999962;4,188000202;4,142000198;3,976999998;3,789999962;3,934999943;3,490999937;3,25999999;3,273999929;3,430000067;3,234999895;3,190999985;3,263999939;3,290999889;3,316999912;1,00429446;1,052147263;1,07085888;-7,085887953;-0,429445982;-5,214726282
Control;India;IND;Desempleo, varones (% de la poblacion activa masculina) (estimacion modelado OIT);SL.UEM.TOTL.MA.ZS;4,355999947;4,311999798;4,40199995;4,164999962;4,188000202;4,142000198;3,976999998;3,789999962;3,934999943;3,490999937;3,25999999;3,273999929;3,430000067;3,234999895;3,190999985;3,263999939;3,290999889;3,316999912;1,00429446;1,052147263;1,07085888;-7,085887953;-0,429445982;-5,214726282
Control;Mexico;MEX;Desempleo, varones (% de la poblacion activa masculina) (estimacion modelado OIT);SL.UEM.TOTL.MA.ZS;2,203000069;2,16899991;2,542999983;2,621999979;3,104000092;3,372999907;3,394000053;3,440999985;3,805000067;5,380000114;5,397999763;5,211999893;4,923999786;4,910999775;4,808000088;4,260000229;3,846999884;3,313999891;0,965542816;0,9121897;0,996665497;0,333450349;3,445718386;8,781029972
Control;Mexico;MEX;Desempleo, varones (% de la poblacion activa masculina) (estimacion modelado OIT);SL.UEM.TOTL.MA.ZS;2,203000069;2,16899991;2,542999983;2,621999979;3,104000092;3,372999907;3,394000053;3,440999985;3,805000067;5,380000114;5,397999763;5,211999893;4,923999786;4,910999775;4,808000088;4,260000229;3,846999884;3,313999891;0,965542816;0,9121897;0,996665497;0,333450349;3,445718386;8,781029972
Organizador;Sudafrica;ZAF;Desempleo, varones (% de la poblacion activa masculina) (estimacion modelado OIT);SL.UEM.TOTL.MA.ZS;20,61899948;23,25300026;23,69300079;23,80400085;21,3560009;20,21299934;18,81299973;18,95000076;19,74300003;21,92300034;22,86000061;22,58499908;22,86100006;22,96899986;23,15800095;23,21100044;24,55400085;25,5510006;0,987970187;1,000043721;0,959011363;4,098863734;1,202981271;-0,00437205
Organizador;Sudafrica;ZAF;Desempleo, varones (% de la poblacion activa masculina) (estimacion modelado OIT);SL.UEM.TOTL.MA.ZS;20,61899948;23,25300026;23,69300079;23,80400085;21,3560009;20,21299934;18,81299973;18,95000076;19,74300003;21,92300034;22,86000061;22,58499908;22,86100006;22,96899986;23,15800095;23,21100044;24,55400085;25,5510006;0,987970187;1,000043721;0,959011363;4,098863734;1,202981271;-0,00437205
Organizador;Brasil;BRA;Desempleo, varones (% de la poblacion activa masculina) (estimacion modelado OIT);SL.UEM.TOTL.MA.ZS;7,877999783;7,538000107;7,337999821;7,822999954;6,81799984;7,105000019;6,394000053;6,032000065;5,659999847;6,171000004;5,328999996;4,895999908;5,816999912;5,671999931;5,602000237;7,224999905;10,21199989;11,80300045;1,289717886;1,82292029;1,012495482;-1,24954823;-28,97178864;-82,29202895
Organizador;Brasil;BRA;Desempleo, varones (% de la poblacion activa masculina) (estimacion modelado OIT);SL.UEM.TOTL.MA.ZS;7,877999783;7,538000107;7,337999821;7,822999954;6,81799984;7,105000019;6,394000053;6,032000065;5,659999847;6,171000004;5,328999996;4,895999908;5,816999912;5,671999931;5,602000237;7,224999905;10,21199989;11,80300045;1,289717886;1,82292029;1,012495482;-1,24954823;-28,97178864;-82,29202895
Organizador;China;CHN;Desempleo, varones (% de la poblacion activa masculina) (estimacion modelado OIT);SL.UEM.TOTL.MA.ZS;4,94299984;4,947000027;4,81799984;4,699999809;4,701000214;4,53000021;4,374000072;4,116000175;4,774000168;4,698999882;4,609000206;4,768000126;4,914999962;4,995999813;5,058000088;5,072999954;5,051000118;5,013999939;0,984289844;0,965437797;0,862170094;13,78299056;1,571015573;3,456220278
Organizador;China;CHN;Desempleo, varones (% de la poblacion activa masculina) (estimacion modelado OIT);SL.UEM.TOTL.MA.ZS;4,94299984;4,947000027;4,81799984;4,699999809;4,701000214;4,53000021;4,374000072;4,116000175;4,774000168;4,698999882;4,609000206;4,768000126;4,914999962;4,995999813;5,058000088;5,072999954;5,051000118;5,013999939;0,984289844;0,965437797;0,862170094;13,78299056;1,571015573;3,456220278
Organizador;Federacion de Rusia;RUS;Desempleo, varones (% de la poblacion activa masculina) (estimacion modelado OIT);SL.UEM.TOTL.MA.ZS;10,77900028;9,343999863;8,154999733;8,781999588;8,01099968;7,313000202;7,495999813;6,434999943;6,565000057;8,998999596;7,877999783;6,971000195;5,791999817;5,762000084;5,481999874;5,81799984;5,748000145;5,346000195;1,061291495;1,048522488;1,051076289;-5,107628899;-6,12914946;-4,852248759
Organizador;Federacion de Rusia;RUS;Desempleo, varones (% de la poblacion activa masculina) (estimacion modelado OIT);SL.UEM.TOTL.MA.ZS;10,77900028;9,343999863;8,154999733;8,781999588;8,01099968;7,313000202;7,495999813;6,434999943;6,565000057;8,998999596;7,877999783;6,971000195;5,791999817;5,762000084;5,481999874;5,81799984;5,748000145;5,346000195;1,061291495;1,048522488;1,051076289;-5,107628899;-6,12914946;-4,852248759
Control;Argentina;ARG;Desempleo, total (% de la poblacion activa total) (estimacion modelado OIT);SL.UEM.TOTL.ZS;15;17,31999969;19,59000015;15,35999966;13,52000046;11,51000023;10,07999992;8,470000267;7,840000153;8,649999619;7,710000038;7,179999828;7,21999979;7,099999905;7,269999981;7,151000023;8,696000099;8,517999649;0,931258079;0,936446142;1,12191953;-12,19195299;6,874192052;6,355385805
Control;Corea, Republica de;KOR;Desempleo, total (% de la poblacion activa total) (estimacion modelado OIT);SL.UEM.TOTL.ZS;4,420000076;4;3,279999971;3,559999943;3,670000076;3,730000019;3,450000048;3,230000019;3,160000086;3,640000105;3,720000029;3,410000086;3,220000029;3,119999886;3,529999971;3,630000114;3,710000038;3,730000019;0,916666683;0,865591399;0,978494644;2,150535567;8,333331731;13,44086011
Control;India;IND;Desempleo, total (% de la poblacion activa total) (estimacion modelado OIT);SL.UEM.TOTL.ZS;4,316999912;4,326000214;4,43200016;4,308000088;4,368999958;4,395999908;4,236999989;4,059999943;4,116000175;3,750999928;3,539999962;3,529000044;3,621000051;3,463999987;3,414000034;3,49000001;3,505000114;3,523000002;0,996892679;1,022881382;1,059604511;-5,960451072;0,31073215;-2,28813815
Control;Mexico;MEX;Desempleo, total (% de la poblacion activa total) (estimacion modelado OIT);SL.UEM.TOTL.ZS;2,559999943;2,539999962;2,869999886;2,960000038;3,660000086;3,559999943;3,569999933;3,650000095;3,900000095;5,380000114;5,329999924;5,190000057;4,920000076;4,940000057;4,829999924;4,340000153;3,880000114;3,420000076;0,973733608;0,923076951;1,009380899;-0,938089896;2,626639184;7,69230494
Organizador;Sudafrica;ZAF;Desempleo, total (% de la poblacion activa total) (estimacion modelado OIT);SL.UEM.TOTL.ZS;23,27000046;25,37000084;27,18000031;27,12000084;24,67000008;23,84000015;22,62000084;22,32999992;22,43000031;23,54000092;24,69000053;24,64999962;24,72999954;24,56999969;24,89999962;25,15999985;26,54999924;27,32999992;0,998379874;1,001620049;0,953422455;4,657754531;0,162012615;-0,16200489
Organizador;Brasil;BRA;Desempleo, total (% de la poblacion activa total) (estimacion modelado OIT);SL.UEM.TOTL.ZS;9,795000076;9,350000381;9,109999657;9,729999542;8,890000343;9,31000042;8,390000343;8,090000153;7,626999855;8,279999733;7,256999969;6,690000057;7,190000057;6,989999771;6,670000076;8,43999958;11,60999966;13,31999969;1,265367239;1,740629614;1,047975966;-4,797596569;-26,5367239;-74,06296138
Organizador;China;CHN;Desempleo, total (% de la poblacion activa total) (estimacion modelado OIT);SL.UEM.TOTL.ZS;4,53000021;4,53000021;4,409999847;4,300000191;4,300000191;4,139999866;4;3,75999999;4,360000134;4,288000107;4,199999809;4,340000153;4,46999979;4,539999962;4,592999935;4,605000019;4,649000168;4,675000191;0,983486233;0,963302679;0,862385293;13,76147075;1,651376709;3,669732095
Organizador;Federacion de Rusia;RUS;Desempleo, total (% de la poblacion activa total) (estimacion modelado OIT);SL.UEM.TOTL.ZS;10,57999992;8,979999542;7,920000076;8,229999542;7,78000021;7,170000076;7,159999847;6,099999905;6,320000172;8,420000076;7,369999886;6,539999962;5,440000057;5,460000038;5,159999847;5,570000172;5,537000179;5,199999809;1,07945743;1,073062082;1,058139574;-5,813957357;-7,945742953;-7,306208198
Control;Argentina;ARG;Esperanza de vida al nacer, total (años);SP.DYN.LE00,IN;73,832;74,039;74,236;74,424;74,603;74,775;74,941;75,105;75,268;75,431;75,595;75,761;75,926;76,089;76,252;76,415;76,577;;1,002195912;1,004378596;0,997830544;0,216945565;-0,219591243;-0,437859647
Control;Corea, Republica de;KOR;Esperanza de vida al nacer, total (años);SP.DYN.LE00,IN;75,9097561;76,41219512;76,76585366;77,21463415;77,66585366;78,16829268;78,66829268;79,1195122;79,51707317;79,96829268;80,11707317;80,56829268;80,8195122;81,27073171;81,72195122;82,02439024;82,02439024;;1,005632002;1,008767657;0,998142962;0,185703848;-0,563200195;-0,876765709
Control;India;IND;Esperanza de vida al nacer, total (años);SP.DYN.LE00,IN;62,582;62,977;63,368;63,759;64,154;64,556;64,966;65,383;65,802;66,219;66,625;67,013;67,377;67,714;68,021;68,302;68,56;;1,00582364;1,011287054;0,993906191;0,609380863;-0,582363977;-1,128705441
Control;Mexico;MEX;Esperanza de vida al nacer, total (años);SP.DYN.LE00,IN;74,364;74,598;74,809;75,002;75,18;75,347;75,505;75,656;75,802;75,948;76,096;76,251;76,412;76,579;76,753;76,933;77,118;;1,002036901;1,004152649;0,998055088;0,194491169;-0,203690076;-0,415264929
Organizador;Sudafrica;ZAF;Esperanza de vida al nacer, total (años);SP.DYN.LE00,IN;56,341;55,273;54,299;53,481;52,878;52,567;52,614;53,01;53,72;54,701;55,888;57,201;58,545;59,83;60,993;61,981;62,774;;1,023493415;1,047541512;0,978761094;2,123890638;-2,34934154;-4,754151159
Organizador;Brasil;BRA;Esperanza de vida al nacer, total (años);SP.DYN.LE00,IN;70,055;70,486;70,896;71,29;71,67;72,04;72,405;72,768;73,129;73,488;73,838;74,174;74,488;74,777;75,042;75,284;75,509;;1,003224861;1,006223182;0,996468644;0,353135577;-0,322486074;-0,622318168
Organizador;China;CHN;Esperanza de vida al nacer, total (años);SP.DYN.LE00,IN;71,955;72,401;72,84;73,257;73,642;73,987;74,291;74,562;74,808;75,032;75,236;75,425;75,602;75,769;75,932;76,092;76,252;;1,002994332;1,005721313;0,996711582;0,328841835;-0,299433216;-0,572131323
Organizador;Federacion de Rusia;RUS;Esperanza de vida al nacer, total (años);SP.DYN.LE00,IN;65,48365854;65,38341463;65,12878049;65,04780488;65,47097561;65,5297561;66,72756098;67,58682927;67,94926829;68,68463415;68,84121951;69,68390244;70,07219512;70,57878049;70,74365854;71,16829268;71,59292683;;1,006002434;1,012004868;0,997669359;0,233064068;-0,600243407;-1,200486814
Control;Argentina;ARG;Poblacion de 65 años de edad y mas, total;SP.POP.65UP.TO;3672982;3737801;3795656;3849365;3902550;3957707;4019335;4082327;4147762;4216344;4289237;4375417;4462820;4552475;4645854;4743956;4849887;4957669;1,020092152;1,040469435;0,983005602;1,699439784;-2,009215159;-4,046943547
Control;Corea, Republica de;KOR;Poblacion de 65 años de edad y mas, total;SP.POP.65UP.TO;3376515;3556640;3737532;3920526;4099827;4270278;4467865;4661347;4870504;5079738;5304773;5544660;5791491;6050818;6331319;6614326;6885593;7161073;1,045220974;1,091750957;0,957578769;4,242123084;-4,522097364;-9,175095711
Control;India;IND;Poblacion de 65 años de edad y mas, total;SP.POP.65UP.TO;46326139;48041634;49745520;51416395;53021250;54553525;56319525;58017561;59669549;61299832;62940950;64930712;66898551;68948281;71214913;73781494;76906607;80203086;1,031613155;1,062877999;0,973926069;2,60739312;-3,161315487;-6,287799914
Control;Mexico;MEX;Poblacion de 65 años de edad y mas, total;SP.POP.65UP.TO;5129595;5265431;5394438;5525297;5669448;5834577;6022340;6232187;6457978;6689357;6921293;7145319;7365340;7595677;7856472;8159970;8489518;8857168;1,032367652;1,064156654;0,966489498;3,351050158;-3,236765154;-6,415665397
Organizador;Sudafrica;ZAF;Poblacion de 65 años de edad y mas, total;SP.POP.65UP.TO;1840187;1901301;1959176;2014178;2066735;2117393;2183051;2245995;2305947;2362435;2416038;2488906;2560744;2635198;2717188;2809480;2918033;3031236;1,030160122;1,059893926;0,977813677;2,218632323;-3,016012165;-5,989392551
Organizador;Brasil;BRA;Poblacion de 65 años de edad y mas, total;SP.POP.65UP.TO;8878745;9280107;9712231;10161594;10607511;11040636;11472602;11890872;12312707;12761889;13253009;13811826;14400646;15024339;15687812;16395455;17125821;17899128;1,04510782;1,091664089;0,957707742;4,229225847;-4,510782001;-9,166408929
Organizador;China;CHN;Poblacion de 65 años de edad y mas, total;SP.POP.65UP.TO;87228408;89904561;92618409;95329636;97906483;100318362;102653405;104885006;107146225;109596498;112370608;115488499;118745097;122435695;127003874;132681231;139560890;147532179;1,022868496;1,048759375;0,978895953;2,11040473;-2,286849583;-4,875937533
Organizador;Federacion de Rusia;RUS;Poblacion de 65 años de edad y mas, total;SP.POP.65UP.TO;18240509;18603684;19101671;19597557;19880916;19832971;19760354;19486678;19134465;18851968;18694313;18756417;18854368;18982795;19165394;19436685;19905694;20487154;1,014155253;1,038626913;0,990472463;0,952753698;-1,415525295;-3,862691265
Control;Argentina;ARG;Turismo internacional, numero de arribos;ST.INT.ARVL;2909000;2620000;2820000;2995000;3457000;3823000;4173000;4562000;4700000;4308000;5325000;5705000;5587000;5246000;5931000;5736000;5559000;;1,071361502;1,049201878;0,809014085;19,09859155;-7,136150235;-4,920187793
Control;Corea, Republica de;KOR;Turismo internacional, numero de arribos;ST.INT.ARVL;5322000;5147000;5347000;4753000;5818000;6023000;6155000;6448000;6891000;7818000;8798000;9795000;11140000;12176000;14202000;13232000;17242000;;1,113321209;1,266196863;0,888611048;11,1388952;-11,33212094;-26,61968629
Control;India;IND;Turismo internacional, numero de arribos;ST.INT.ARVL;2649000;2537000;2384000;2726000;3457000;3919000;4447000;5082000;5283000;5168000;5776000;6309000;6578000;6968000;13107000;13284000;14569000;;1,092278393;1,138850416;0,894736842;10,52631579;-9,227839335;-13,88504155
Control;Mexico;MEX;Turismo internacional, numero de arribos;ST.INT.ARVL;20641000;19810000;19667000;18665000;20618000;21915000;21353000;21606000;22931000;22346000;23290000;23403000;23403000;24151000;29346000;32093000;35079000;;1,004851868;1,004851868;0,959467583;4,053241735;-0,485186775;-0,485186775
Organizador;Sudafrica;ZAF;Turismo internacional, numero de arribos;ST.INT.ARVL;5872000;5787000;6430000;6505000;6678000;7369000;8396000;9091000;9592000;7012000;8074000;8339000;9188000;9537000;9549000;8904000;10044000;;1,032821402;1,137973743;0,868466683;13,15333168;-3,282140203;-13,79737429
Organizador;Brasil;BRA;Turismo internacional, numero de arribos;ST.INT.ARVL;5313000;4773000;3785000;4133000;4794000;5358000;5017000;5026000;5050000;4802000;5161000;5433000;5677000;5813000;6430000;6306000;6578000;;0,980715397;1,023017107;0,904043546;9,595645412;1,928460342;-2,301710731
Organizador;China;CHN;Turismo internacional, numero de arribos;ST.INT.ARVL;31229000;33167000;36803000;32970000;41761000;46809000;49913000;54720000;53049000;50875000;55664000;57581000;57725000;55686000;55622000;56886000;59270000;;0,95901902;1,049294049;1,03149918;-3,149918;4,098097985;-4,92940489
Organizador;Federacion de Rusia;RUS;Turismo internacional, numero de arribos;ST.INT.ARVL;21169000;21595000;23309000;22521000;22064000;22201000;22486000;22909000;23676000;21339000;22281000;24932000;28177000;30792000;32421000;33729000;24571000;;1,040344221;0,757872984;0,949754789;5,024521144;-4,034422134;24,21270164
Control;Argentina;ARG;Turismo internacional, gastos (US$ a precios actuales);ST.INT.XPND.CD;5460000000;4888000000;2744000000;2997000000;3208000000;3554000000;4047000000;5077000000;5987000000;5808000000;6448000000;7602000000;8466000000;8421000000;7837000000;9348000000;11729000000;;1,178970223;1,312965261;0,900744417;9,925558313;-17,89702233;-31,29652605
Control;Corea, Republica de;KOR;Turismo internacional, gastos (US$ a precios actuales);ST.INT.XPND.CD;7945000000;8349000000;11440000000;11063000000;13507000000;16924000000;20947000000;24431000000;21447000000;16355000000;20788000000;22195000000;22934000000;24459000000;26136000000;27957000000;29143000000;;1,067683279;1,103232634;0,786751972;21,32480277;-6,768327881;-10,32326342
Control;India;IND;Turismo internacional, gastos (US$ a precios actuales);ST.INT.XPND.CD;3686000000;4367000000;4350000000;4385000000;5783000000;8277000000;8738000000;10690000000;12083000000;9310000000;10490000000;13699000000;14107000000;13884000000;17492000000;17686000000;19185000000;;1,305910391;1,344804576;0,887511916;11,24880839;-30,59103908;-34,48045758
Control;Mexico;MEX;Turismo internacional, gastos (US$ a precios actuales);ST.INT.XPND.CD;6365000000;6685000000;7087000000;7252000000;8034000000;8951000000;9387000000;9918000000;10246000000;8737000000;9001000000;9704000000;10735000000;11970000000;12556000000;12668000000;12823000000;;1,078102433;1,192645262;0,970669926;2,933007444;-7,810243306;-19,26452616
Organizador;Sudafrica;ZAF;Turismo internacional, gastos (US$ a precios actuales);ST.INT.XPND.CD;2684000000;2366000000;2251000000;3655000000;4237000000;4812000000;5230000000;6104000000;6905000000;6421000000;8139000000;8397000000;7145000000;6491000000;6314000000;5735000000;5354000000;;1,031699226;0,877871974;0,788917557;21,10824426;-3,169922595;12,21280256
Organizador;Brasil;BRA;Turismo internacional, gastos (US$ a precios actuales);ST.INT.XPND.CD;4548000000;3765000000;2929000000;2874000000;3752000000;5905000000;7501000000;10434000000;13269000000;12897000000;18883000000;24608000000;26008000000;29286000000;29998000000;20356000000;17068000000;;0,678578572;0,568971265;0,976265084;2,373491566;32,14214281;43,10287352
Organizador;China;CHN;Turismo internacional, gastos (US$ a precios actuales);ST.INT.XPND.CD;14169000000;14992000000;16759000000;16716000000;21360000000;21759000000;24322000000;29786000000;36157000000;43702000000;54880000000;72585000000;1,02E+11;1,29E+11;2,27E+11;2,50E+11;2,61E+11;;1,208673286;1,517825041;0,823796222;17,6203778;-20,86732859;-51,78250408
Organizador;Federacion de Rusia;RUS;Turismo internacional, gastos (US$ a precios actuales);ST.INT.XPND.CD;8848000000;9760000000;11362000000;13427000000;16082000000;17963000000;18850000000;22456000000;26401000000;23785000000;30169000000;37343000000;48096000000;59504000000;55383000000;38434000000;27652000000;;0,693967463;0,499286785;1,074409115;-7,440911471;30,60325371;50,07132152
Control;Argentina;ARG;indice de valor de exportacion (2000 = 100);TX.VAL.MRCH.XD.WD;100;100,7668653;97,37671311;112,2432709;131,2619111;153,1870468;176,7055161;211,7565772;265,8148893;211,3515053;258,8637485;319,0884932;303,6422307;288,3835086;259,699259;215,5877995;219,1746707;;1,232650362;1,172980892;0,81645849;18,35415097;-23,26503616;-17,29808923
Control;Corea, Republica de;KOR;indice de valor de exportacion (2000 = 100);TX.VAL.MRCH.XD.WD;100;87,32846495;94,31293101;112,5089976;147,3547031;165,1026308;188,9294588;215,6459702;244,9713981;211,02791;270,7316507;322,2966541;318,0335292;324,8615146;332,4262196;305,7770451;287,5902663;;1,190465368;1,174718687;0,779472623;22,05273766;-19,04653677;-17,47186869
Control;India;IND;indice de valor de exportacion (2000 = 100);TX.VAL.MRCH.XD.WD;100;102,3164611;116,2123961;139,1313684;180,8632988;235,0581534;287,4226332;354,3206235;459,7251488;389,1255873;534,1083973;714,7484503;700,4084541;742,9281276;761,4417416;631,0724811;623,8952036;;1,338208599;1,311360124;0,728551712;27,14482879;-33,82085994;-31,1360124
Control;Mexico;MEX;indice de valor de exportacion (2000 = 100);TX.VAL.MRCH.XD.WD;100;95,29897576;96,58227544;99,41575303;112,9907446;128,7549288;150,2455677;163,3855158;175,0726155;138,0748323;179,3043584;210,1179608;222,8613015;228,4183563;238,5745384;228,7397727;224,7663114;;1,171850828;1,242921831;0,770058428;22,99415724;-17,18508277;-24,29218313
Organizador;Sudafrica;ZAF;indice de valor de exportacion (2000 = 100);TX.VAL.MRCH.XD.WD;100;97,58196311;99,13284194;121,6742821;153,9062135;172,1832372;194,0269486;232,7455558;269,4265417;205,70594;304,6636245;362,9211986;332,208198;320,6933429;307,4569489;271,6183871;250,445219;;1,19121933;1,090409787;0,675190352;32,48096476;-19,12193298;-9,040978734
Organizador;Brasil;BRA;indice de valor de exportacion (2000 = 100);TX.VAL.MRCH.XD.WD;100;105,7470305;109,6514989;132,809617;175,3986382;215,0423902;250,017689;291,4590095;359,1181972;277,5721758;366,3262511;464,5228769;440,0993126;439,1117638;408,3914664;346,7673049;336,1458429;;0,849105169;0,823097128;1,075222672;-7,522267218;15,08948315;17,69028725
Organizador;China;CHN;indice de valor de exportacion (2000 = 100);TX.VAL.MRCH.XD.WD;100;106,7796134;130,6549279;175,8518156;238,0894291;305,75595;388,8307926;489,7437029;574,1074546;482,1819962;633,1199865;761,7809577;822,1064754;886,4279322;939,9136447;912,2955984;841,7362552;;0,839881093;1,102790046;0,853052332;14,69476681;16,01189075;-10,27900464
Organizador;Federacion de Rusia;RUS;indice de valor de exportacion (2000 = 100);TX.VAL.MRCH.XD.WD;100;97,00189464;102,1593214;129,415517;174,4280369;232,1156208;289,0053602;337,4206202;449,0074548;288,8501709;381,4325022;496,9971342;503,8949663;496,8305199;473,0008664;325,1025868;268,1833329;;0,687319221;0,566982752;1,050379725;-5,037972484;31,26807795;43,30172481
Control;Argentina;ARG;Exportaciones de productos de alta tecnologia (% de las exportaciones de productos manufacturados);TX.VAL.TECH.MF.ZS;9,351856306;9,267344476;7,669045367;8,897494763;7,719023678;6,826630039;7,05418222;6,594450291;9,017369186;8,686933066;7,418585913;7,074021443;6,415778771;7,259680198;6,876391723;9,008199853;8,792814727;;0,953553888;0,864825028;1,170968857;-17,09688569;4,644611162;13,51749718
Control;Corea, Republica de;KOR;Exportaciones de productos de alta tecnologia (% de las exportaciones de productos manufacturados);TX.VAL.TECH.MF.ZS;35,06590914;29,78481845;31,52977881;32,3161911;32,91734928;32,47640858;32,14585123;30,54460905;27,59875522;28,73409455;29,46593215;25,7213172;26,17347489;27,09934491;26,88054979;26,84150956;26,58320503;;0,872917139;0,88826224;0,975163263;2,483673696;12,70828606;11,17377601
Control;India;IND;Exportaciones de productos de alta tecnologia (% de las exportaciones de productos manufacturados);TX.VAL.TECH.MF.ZS;6,255549228;6,970229303;6,237803011;5,947717493;5,998070281;5,803803052;6,072403224;6,403290331;6,777733191;9,093724449;7,180548755;6,8707993;6,632256486;8,073939853;8,586259881;7,517758047;7,129689474;;0,956862704;0,92364201;1,266438647;-26,64386468;4,313729582;7,635798988
Control;Mexico;MEX;Exportaciones de productos de alta tecnologia (% de las exportaciones de productos manufacturados);TX.VAL.TECH.MF.ZS;22,45135077;22,05600024;21,42670845;21,39909612;21,28539642;19,63565926;18,98140785;17,17706;15,72923353;18,1761875;16,93780936;16,50981631;16,33506619;15,92476176;15,9921956;14,68693681;15,28919922;;0,974731499;0,964414338;1,073113241;-7,311324119;2,526850062;3,558566234
Organizador;Sudafrica;ZAF;Exportaciones de productos de alta tecnologia (% de las exportaciones de productos manufacturados);TX.VAL.TECH.MF.ZS;7,000875876;6,460410909;5,163790009;4,832737639;5,537991577;6,656221763;6,458640303;5,580762849;5,123385369;5,354949319;4,625784115;5,007137768;5,38000172;5,468510551;5,854429201;5,88097093;5,292055504;;1,082440867;1,163046434;1,157630617;-15,76306169;-8,244086697;-16,30464342
Organizador;Brasil;BRA;Exportaciones de productos de alta tecnologia (% de las exportaciones de productos manufacturados);TX.VAL.TECH.MF.ZS;18,72725987;19,24616073;16,52029903;11,95599512;11,59272243;12,84314848;12,07642327;11,86594132;11,64693565;13,19727786;11,22417166;9,720194162;10,49270307;9,650624054;10,61499047;12,30504082;13,44870632;;1,159213553;1,266954158;0,909150515;9,084948515;-15,92135529;-26,6954158
Organizador;China;CHN;Exportaciones de productos de alta tecnologia (% de las exportaciones de productos manufacturados);TX.VAL.TECH.MF.ZS;18,9843797;20,95651527;23,66571478;27,37925315;30,06445872;30,84359799;30,51443157;26,66237275;25,56531104;27,53404158;27,51270427;25,8079484;26,27400734;26,96548952;25,37227632;25,64819362;25,236142;;1,077007885;1,076173266;1,042912121;-4,291212059;-7,700788507;-7,617326563
Organizador;Federacion de Rusia;RUS;Exportaciones de productos de alta tecnologia (% de las exportaciones de productos manufacturados);TX.VAL.TECH.MF.ZS;16,06693012;14,03755579;19,15674223;18,97823199;12,92452891;8,437509735;7,777323192;6,878405918;6,474851;9,228727378;9,066344098;7,972085575;8,375376998;10,00599495;11,45167273;13,76032041;10,71924577;;1,201599167;0,936041923;0,873758374;12,62416259;-20,15991668;6,395807655
Control;Argentina;ARG;Brecha de pobreza a $1,90 por dia (2011 PPA) (%);SI.POV.GAPS;2,9;4,9;5,6;2,7;1,8;1,5;1,3;1,3;1,1;1,1;0,4;0,4;0,3;0,3;0,3;;0,3;;1;0,75;2,75;-175;0;25
Control;Corea, Republica de;KOR;Brecha de pobreza a $1,90 por dia (2011 PPA) (%);SI.POV.GAPS;;;;;;;0,2;;0,2;;0,2;;0,1;;;;;;0;0,5;0;100;100;50
Control;India;IND;Brecha de pobreza a $1,90 por dia (2011 PPA) (%);SI.POV.GAPS;;;;;9,2;;;;;7;;4,3;;;;;;;#DIV/0!;#DIV/0!;#DIV/0!;#DIV/0!;#DIV/0!;#DIV/0!
Control;Mexico;MEX;Brecha de pobreza a $1,90 por dia (2011 PPA) (%);SI.POV.GAPS;2,7;;1,7;;1,6;1,8;0,8;;1;;1,1;;0,8;;1;;0,6;;0;0,727272727;0;100;100;27,27272727
Organizador;Sudafrica;ZAF;Brecha de pobreza a $1,90 por dia (2011 PPA) (%);SI.POV.GAPS;11,7;;;;;8;;;4,8;;4,9;;;;6,2;;;;0;0;0;100;100;100
Organizador;Brasil;BRA;Brecha de pobreza a $1,90 por dia (2011 PPA) (%);SI.POV.GAPS;;4,6;3,9;4,3;3,6;3,2;2,7;2,8;2,2;2,1;;2;1,5;1,5;1;1,2;1,2;;1,2;1,2;1,5;-50;-20;-20
Organizador;China;CHN;Brecha de pobreza a $1,90 por dia (2011 PPA) (%);SI.POV.GAPS;;;10,2;;;4,9;;;3,9;;2,7;1,8;1,4;0,4;0,3;0,2;;;0;0,692307692;0;100;100;30,76923077
Organizador;Federacion de Rusia;RUS;Brecha de pobreza a $1,90 por dia (2011 PPA) (%);SI.POV.GAPS;0,5;0,3;0,1;0,2;0,2;0,1;0,1;0,0001;0;0;0;0;0;0;0;0;;;#DIV/0!;#DIV/0!;#DIV/0!;#DIV/0!;#DIV/0!;#DIV/0!
